TGFBR2 ,A ,10,3,30666876
AIM2,T,10,1,157299111
ATR,T,10,3,143757430
CASP5,T,10,11,104383251
MBD4,T,10,3,130638238
SEC63,T,10,6,108321448
SEC63,T,10,6,108321467
BLM,A ,9,15,89105143
CHEK1,A ,9,11,125010588
GRB14,A ,9,2,165073534
PRDM2,A ,9,1,13981336
RAD50,A ,9,5,131959351
RHAMM,A ,9,5,16280004
TCF7L2,A ,9,10,114915307
WISP3,A ,9,6,112496127
MLH3,T,9,14,74584357
MLH3,T,9,14,74584091
ACVR2A,A ,8,2,148373511
ACVR2A,A ,8,2,148400156
APAF1,A ,8,12,97595338
MSH3,A ,8,5,80006671
PMS3,A ,8,7,5993683
PRDM2,A ,8,1,13981147
MSH6,C,8,2,47884144
BAX,G,8,19,54153155
IGF2R2,G,8,6,160405478
BCL10,T,8,1,85509099
MSH2,A ,7,2,47493092
AXIN2,C,7,17,6093047
FAS,T,7,10,9075688
MLH1,A ,6,3,37025353
PTEN,A ,6,10,89707750
PTEN,A ,6,10,89710792
AXIN2,G,6,17,60963018
AXIN2,T,6,17,60963116
AXIN2,T,6,17,60956667
